period,n_observations,mean_traps,median_traps,mean_positivity,sd_positivity
Autumn,135,10.496455026455026,10.496455026455026,0.376425810157091,NA
Spring,135,10.62935492491048,10.62935492491048,0.12154468378047001,NA
