period,n_obs,mean_actual_traps,pct_adequate_80,pct_adequate_95,mean_recommended_80,mean_recommended_95
Autumn,135,10.496455026455026,91.85185185185185,85.18518518518519,4.465116279069767,7.875968992248062
Spring,135,10.62935492491048,32.592592592592595,5.185185185185185,19.16417910447761,35.23134328358209
